marker,marker_type,abs_change
Tmem163,Atrial,0.00059232116
Myh6,Atrial,0.0005572438
Rgs6,Atrial,0.00048714876
Kcnh7,Atrial,0.00047689676
Arhgap31,Atrial,0.0004056692
Mast4,Atrial,0.00039678812
Zfpm2,Ventricular,0.00036236644
Myh7b,Ventricular,0.0003556013
Myl2,Ventricular,0.0003529191
Cacna1d,Atrial,0.00031872094
