pathway_short,prediction,groundtruth
Hedgehog,2.315052054418335,1.3720366454182558
EMT,1.4419138711288617,3.5796122053417854
WNT,0.7952682962948379,1.5541540144641781
PI3K/Akt/mTOR,0.40884167192663956,0.43375263297313127
G2M Checkpoint,0.36049899623211956,0.3844103343965371
Inflammatory,0.10438491947230978,-0.0
TGF Beta,-0.0,-0.0
Notch,-0.0,-0.0
Apoptosis,-0.0,0.23504440080896005
