pathway_short,prediction,groundtruth
G2M Checkpoint,2.681324841716177,0.9671560974536191
EMT,0.9517248851121388,2.654875013030277
WNT,0.7952682962948379,4.235558595812781
Hedgehog,0.5154633626692812,0.5154633626692812
PI3K/Akt/mTOR,0.40884167192663956,1.076565335895243
Inflammatory,0.34711104744684645,0.10438491947230978
TGF Beta,-0.0,-0.0
Notch,-0.0,0.8406364277165965
Apoptosis,-0.0,0.21542256024103154
