pathway_short,prediction,groundtruth
EMT,5.8280548911915835,1.4419138711288617
WNT,1.4730607639743232,3.2110624525492564
Hedgehog,1.3148692044073502,2.315052054418335
PI3K/Akt/mTOR,1.076565335895243,0.40884167192663956
G2M Checkpoint,0.36049899623211956,0.36049899623211956
TGF Beta,-0.0,-0.0
Notch,-0.0,0.8406364277165965
Apoptosis,-0.0,-0.0
Inflammatory,-0.0,-0.0
