pathway_short,prediction,groundtruth
PI3K/Akt/mTOR,0.40884167192663956,1.076565335895243
G2M Checkpoint,0.36049899623211956,0.36049899623211956
EMT,0.254976556831668,0.254976556831668
TGF Beta,-0.0,-0.0
Notch,-0.0,0.8406364277165965
Apoptosis,-0.0,-0.0
Inflammatory,-0.0,-0.0
Hedgehog,-0.0,0.5154633626692812
WNT,-0.0,0.2857976001029281
