pathway_short,prediction,groundtruth
WNT,2.2854494483174577,1.4730607639743232
Inflammatory,1.1988773574605074,0.34711104744684645
EMT,0.5520905149106174,1.4419138711288617
Hedgehog,0.5154633626692812,1.3148692044073502
TGF Beta,-0.0,-0.0
PI3K/Akt/mTOR,-0.0,0.40884167192663956
Notch,-0.0,0.8406364277165965
Apoptosis,-0.0,-0.0
G2M Checkpoint,-0.0,0.36049899623211956
