pathway_short,prediction,groundtruth
WNT,2.2854494483174577,0.2857976001029281
Inflammatory,1.1988773574605074,-0.0
EMT,0.5520905149106174,0.9517248851121388
Hedgehog,0.5154633626692812,-0.0
TGF Beta,-0.0,-0.0
PI3K/Akt/mTOR,-0.0,-0.0
Notch,-0.0,-0.0
Apoptosis,-0.0,0.21542256024103154
G2M Checkpoint,-0.0,0.36049899623211956
