pathway_short,prediction,groundtruth
Hedgehog,2.315052054418335,2.315052054418335
EMT,2.0124040767282665,4.953277561981155
PI3K/Akt/mTOR,1.076565335895243,1.076565335895243
WNT,0.7952682962948379,4.235558595812781
Apoptosis,0.21542256024103154,0.21542256024103154
Inflammatory,0.10438491947230978,-0.0
TGF Beta,-0.0,0.44681383782338224
Notch,-0.0,0.8406364277165965
G2M Checkpoint,-0.0,0.36049899623211956
